class,avg_kits_needed,median_kits_needed,max_kits_needed,avg_capacity,avg_utilization,p95_utilization
first,5.43982434472348,4.0,20,16.736379854535475,0.36483463702483876,1.0
business,25.39412652669137,23.0,67,91.10141347605324,0.281047800479051,0.582089552238806
premiumEconomy,12.893920680664197,12.0,31,53.1693426650199,0.24923445914232129,0.5454545454545454
economy,133.4702895567449,121.0,335,581.1615205159874,0.239567670211664,0.49848024316109424
