class,min,max,mean,median,std
First,6.0,48.0,37.61490683229814,39.0,7.885954374551981
Business,4.0,36.0,25.58385093167702,27.0,7.3174098954233635
PremiumEconomy,2.0,24.0,15.130434782608695,15.0,5.730543642167174
Economy,1.0,6.0,4.956521739130435,5.0,0.8898583179849231
